id,created_at,empresa_id,DSProcesso,sincEventos,area,ano_dsprocesso
152,1690405412205,12,880.078/2017,1705923348350,,
153,1690405437127,12,880.100/2018,1705923356660,,
154,1690405456798,12,880.008/2019,1705923587041,,
155,1690405474451,12,880.099/2019,1705922948250,,
156,1690405485234,12,880.172/2019,1705923067044,,
157,1690405499119,12,880.112/2020,1705922739152,,
158,1690405510124,12,880.115/2020,1705923592450,,
159,1690405521123,12,880.128/2020,1705923585747,,
160,1690405531501,12,880.179/2020,1705923606545,,
161,1690405541715,12,880.183/2020,1705923278674,,
162,1690405552631,12,880.184/2020,1705923035049,,
163,1690405566704,12,880.110/2021,1705922871657,,
164,1690405576402,12,880.159/2021,1705923160744,,
165,1690409412050,12,870.880/2023,1705922847352,,
166,1690475919502,12,810.081/2019,1705924342749,,
167,1690475919502,12,810.090/1991,1717183603527,,
168,1690475919502,12,810.125/2021,1705957827184,,
169,1690475919502,12,810.126/2018,1717183598912,,
170,1690475919502,12,810.126/2021,1705957826180,,
171,1690475919502,12,810.127/2021,1705923854344,,
172,1690475919502,12,810.127/2018,1723816943218,,
173,1690475919502,12,810.129/2021,1705957821387,,
174,1690475919502,12,810.130/2021,1705957816781,,
175,1690475919502,12,810.131/2021,1705957806881,,
176,1690475919502,12,810.132/2021,1705923469043,,
177,1690475919502,12,810.133/2021,1705922820753,,
178,1690475919502,12,810.134/2018,1717183597716,,
179,1690475919502,12,810.134/2021,1705923520459,,
180,1690475919502,12,810.135/2018,1717183596911,,
181,1690475919502,12,810.143/2018,1717183596116,,
182,1690475919502,12,810.142/2018,1717183595216,,
183,1690475919502,12,810.141/2021,1705922448851,,
184,1690475919502,12,810.141/2018,1717183594510,,
185,1690475919502,12,810.139/2018,1717183593723,,
186,1690475919502,12,810.140/2018,1717183593024,,
187,1690475919502,12,810.140/2021,1705922949048,,
188,1690475919502,12,810.138/2021,1705922825652,,
189,1690475919502,12,810.138/2018,1717183592221,,
190,1690475919502,12,810.137/2021,1705923534648,,
191,1690475919502,12,810.137/2018,1717183591512,,
192,1690475919502,12,810.136/2021,1705923575741,,
193,1690475919502,12,810.136/2018,1717183590720,,
194,1690475919502,12,810.135/2021,1705923584354,,
195,1690475939785,12,810.144/2018,1717183589923,,
196,1690475939785,12,810.145/2018,1717183589114,,
197,1690475939785,12,810.146/2018,1717183586512,,
198,1690475939785,12,810.147/2018,1717183582219,,
199,1690475939785,12,810.148/2018,1717183579426,,
200,1690475939785,12,810.149/2018,1717183574111,,
201,1690475939785,12,810.150/2018,1717183571211,,
202,1690475939785,12,810.151/2018,1717183570220,,
203,1690475939785,12,810.152/2018,1717183568911,,
204,1690475939785,12,810.153/2018,1717183568020,,
205,1690475939785,12,810.154/2018,1717183567312,,
206,1690475939785,12,810.155/2018,1717183566614,,
207,1690475939785,12,810.156/2018,1717183565817,,
208,1690475939785,12,810.157/2018,1717183564917,,
209,1690475939785,12,810.187/2018,1717183564123,,
210,1690476004331,12,810.275/2021,1705923146754,,
211,1690476004331,12,810.304/2014,1723816940725,,
212,1690476004331,12,810.325/2012,1717183562714,,
213,1690476004331,12,810.346/2014,1717183559813,,
214,1690476149294,12,810.439/2021,1705924564442,,
215,1690476149294,12,810.440/2021,1705922984847,,
216,1690476149294,12,810.441/2016,1705923128644,,
217,1690476149294,12,810.441/2021,1705957777380,,
218,1690476149294,12,810.442/2016,1705922923056,,
219,1690476149294,12,810.442/2021,1705957774182,,
220,1690476149294,12,810.443/2016,1717183557923,,
221,1690476149294,12,810.446/2014,1723816934216,,
222,1690476149294,12,810.447/2014,1723816928835,,
223,1690476149294,12,810.448/2014,1717183555711,,
224,1690476149294,12,810.516/2015,1723816927325,,
225,1690476149294,12,810.524/2015,1723816925230,,
226,1690476166746,12,810.582/2015,1723816923418,,
227,1690476166746,12,810.649/2014,1723816922422,,
228,1690476166746,12,810.715/2022,1705924074648,,
229,1690476166746,12,810.749/2019,1717183550310,,
230,1690476166746,12,810.750/2019,1717183549515,,
231,1690476166746,12,810.751/2019,1717183548815,,
232,1690476166746,12,810.752/2019,1717183548019,,
233,1690476166746,12,810.753/2019,1717183547218,,
234,1690476166746,12,810.754/2019,1717183546514,,
235,1690476166746,12,810.755/2019,1717183545721,,
236,1690476166746,12,810.756/2019,1717183545017,,
237,1690476166746,12,810.757/2019,1717183543923,,
238,1690476166746,12,810.758/2019,1717183542625,,
239,1690476166746,12,810.762/2021,1705957711979,,
240,1690476166746,12,810.764/2021,1705957707987,,
241,1690476199811,12,810.796/2012,1723816921425,,
242,1690476199811,12,810.793/2012,1723816919534,,
243,1690476199811,12,810.780/2021,1705922949149,,
244,1690476199811,12,810.779/2021,1705957689287,,
245,1690476199811,12,810.778/2021,1705923537152,,
246,1690476199811,12,810.777/2021,1705923856956,,
247,1690476199811,12,810.776/2021,1705957687284,,
248,1690476199811,12,810.775/2021,1705957685785,,
249,1690476199811,12,810.773/2021,1705957683779,,
250,1690476199811,12,810.772/2021,1705957682478,,
251,1690476199811,12,810.770/2021,1705957678084,,
252,1690476199811,12,810.768/2021,1705957677186,,
253,1690476199811,12,810.766/2021,1705957676290,,
254,1690476233901,12,811.219/2021,1705922846850,,
255,1690476233901,12,811.217/2021,1705923490152,,
256,1690476233901,12,811.189/2011,1719252390922,,
257,1690476233901,12,811.144/2014,1723816917819,,
258,1690476233901,12,811.092/2017,1717183537322,,
259,1690476233901,12,811.091/2017,1705923880941,,
260,1690476233901,12,811.045/2021,1705957672780,,
261,1690476233901,12,810.996/2010,1717183536420,,
262,1690476233901,12,810.912/2016,1717183534119,,
263,1690476233901,12,810.911/2016,1717183533411,,
264,1690476233901,12,810.799/2012,1717183532517,,
265,1690476233901,12,810.798/2012,1723816916834,,
266,1690476233901,12,810.797/2012,1723816913136,,
267,1690476252549,12,811.586/2015,1717183526912,,
268,1690476252549,12,811.583/2015,1717183524823,,
269,1690476252549,12,811.573/2015,1717183523215,,
270,1690476252549,12,811.572/2015,1717183522115,,
271,1690476252549,12,811.549/2015,1705923462744,,
272,1690476252549,12,811.530/2015,1705922864253,,
273,1690476252549,12,811.508/2015,1717183521017,,
274,1690476252549,12,811.363/2014,1717183519721,,
275,1690476252549,12,811.294/2015,1705922976147,,
276,1690476252549,12,811.279/2015,1705923657841,,
277,1690476252549,12,811.278/2015,1723816909948,,
278,1690476252549,12,811.277/2015,1705923594643,,
279,1690476287626,12,811.588/2015,1717183517811,,
280,1690476287626,12,811.589/2015,1717183514922,,
281,1690476287626,12,811.596/2015,1717183512811,,
282,1690476287626,12,811.625/2015,1717183510428,,
283,1690476287626,12,811.639/2015,1717183509515,,
284,1690476287626,12,811.640/2015,1723816907758,,
285,1690476287626,12,811.663/2012,1723816906516,,
286,1690476287626,12,811.671/2012,1723816902740,,
287,1690476337591,12,811.700/2012,1723816899822,,
288,1690594829121,12,800.134/2020,1705922800648,,
289,1690594829121,12,860.690/2020,1705923474541,,
290,1690594829121,12,860.689/2020,1705924421541,,
291,1690594829121,12,860.283/2018,1719252389619,,
292,1690594829121,12,800.136/2020,1705922527457,,
293,1690594829121,12,800.212/2020,1705923573851,,
294,1690594829121,12,800.213/2020,1705924272947,,
295,1690594829121,12,800.214/2020,1705922437346,,
296,1690594829121,12,800.848/2022,1705923743444,,
297,1690594829121,12,800.849/2022,1710927300580,,
298,1690594829121,12,803.030/2023,1705923069156,,
299,1690594829121,12,803.031/2023,1705923667258,,
300,1690594829121,12,803.032/2023,1705924416461,,
301,1690594829121,12,820.286/2023,1705924563644,,
302,1690594829121,12,820.287/2023,1705923498641,,
303,1690594856053,12,820.319/2023,1705923036244,,
304,1690594856053,12,830.082/2023,1705924480846,,
305,1690594856053,12,830.083/2023,1705922830545,,
306,1690594856053,12,830.084/2023,1705923734151,,
307,1690594856053,12,830.085/2023,1705923344854,,
308,1690594856053,12,830.327/2023,1705922637141,,
309,1690594856053,12,830.328/2023,1705923659957,,
310,1690594856053,12,830.330/2023,1705923348850,,
311,1690594856053,12,830.331/2023,1705923532649,,
312,1690594856053,12,830.332/2023,1705922747853,,
313,1690594856053,12,830.338/2023,1705923417354,,
314,1690594856053,12,830.339/2023,1705924468945,,
315,1690594856053,12,830.340/2023,1705923598341,,
316,1690594856053,12,830.341/2023,1705923958151,,
317,1690594856053,12,830.342/2023,1705922991845,,
318,1690594874662,12,830.343/2023,1705923625353,,
319,1690594874662,12,830.344/2023,1705922865146,,
320,1690594874662,12,830.345/2023,1705923974748,,
321,1690594874662,12,830.346/2023,1705923059245,,
322,1690594874662,12,830.347/2023,1705923172256,,
323,1690594874662,12,830.348/2023,1705922862841,,
324,1690594874662,12,830.349/2023,1705923463652,,
325,1690594874662,12,830.350/2023,1705923705648,,
326,1690594874662,12,830.351/2023,1705924459242,,
327,1690594874662,12,830.352/2023,1705923353846,,
328,1690594874662,12,830.353/2023,1705922492146,,
329,1690594874662,12,830.369/2023,1705922941145,,
330,1690594874662,12,830.370/2023,1705923747844,,
331,1690594874662,12,830.371/2023,1705922811260,,
332,1690594874662,12,830.372/2023,1705923538743,,
333,1690594891879,12,830.373/2023,1705922789966,,
334,1690594891879,12,830.374/2023,1705922646141,,
335,1690594891879,12,830.375/2023,1705924400243,,
336,1690594891879,12,830.376/2023,1705923269847,,
337,1690594891879,12,830.377/2023,1705924620441,,
338,1690594891879,12,830.379/2023,1705922930345,,
339,1690594891879,12,830.382/2023,1705924164142,,
340,1690594891879,12,830.383/2023,1705922880377,,
341,1690594891879,12,830.384/2023,1705922725243,,
342,1690594891879,12,830.386/2023,1705922807653,,
343,1690594891879,12,830.388/2023,1705924007442,,
344,1690594891879,12,830.390/2023,1705923648541,,
345,1690594891879,12,830.391/2023,1705924112841,,
346,1690594891879,12,830.392/2023,1705922927456,,
347,1690594891879,12,830.393/2023,1705923206653,,
348,1690594968218,12,830.394/2023,1705923420550,,
349,1690594968218,12,830.395/2023,1705924616642,,
350,1690594968218,12,830.396/2023,1705922730641,,
351,1690594968218,12,830.397/2023,1705924167251,,
352,1690594968218,12,830.398/2023,1705922641357,,
353,1690594968218,12,830.399/2023,1705923472153,,
354,1690594968218,12,830.401/2023,1705923464453,,
355,1690594968218,12,830.402/2023,1705922882641,,
356,1690594968218,12,830.403/2023,1705923512645,,
357,1690594968218,12,830.404/2023,1705924363441,,
358,1690594968218,12,830.405/2023,1705923342548,,
359,1690594968218,12,830.406/2023,1705923886341,,
360,1690594968218,12,830.408/2023,1705923493246,,
361,1690594968218,12,830.409/2023,1705922489047,,
362,1690594968218,12,830.411/2023,1705922978541,,
363,1690594986504,12,830.412/2023,1705923277041,,
364,1690594986504,12,830.413/2023,1705922808746,,
365,1690594986504,12,830.414/2023,1705922728643,,
366,1690594986504,12,830.415/2023,1705922941647,,
367,1690594986504,12,830.417/2023,1705923684647,,
368,1690594986504,12,830.418/2023,1705922893447,,
369,1690594986504,12,830.419/2023,1705923000280,,
370,1690594986504,12,830.420/2023,1705923601662,,
371,1690594986504,12,830.421/2023,1705923655751,,
372,1690594986504,12,830.422/2023,1705924461355,,
373,1690594986504,12,830.423/2023,1705922973946,,
374,1690594986504,12,830.424/2023,1705922981567,,
375,1690594986504,12,830.425/2023,1705922809951,,
376,1690594986504,12,830.451/2023,1705922766847,,
377,1690594986504,12,830.452/2023,1705923615344,,
378,1690595012769,12,830.453/2023,1705923343044,,
379,1690595012769,12,830.454/2023,1705924076943,,
380,1690595012769,12,830.455/2023,1705923602253,,
381,1690595012769,12,830.456/2023,1705923475849,,
382,1690595012769,12,830.457/2023,1729617835967,,
383,1690595012769,12,830.458/2023,1705922828552,,
384,1690595012769,12,830.459/2023,1705924289543,,
385,1690595012769,12,830.460/2023,1705957622107,,
386,1690595012769,12,830.461/2023,1705924390444,,
387,1690595012769,12,830.462/2023,1705922449652,,
388,1690595012769,12,830.463/2023,1705922876944,,
389,1690595012769,12,830.464/2023,1705923612544,,
390,1690595012769,12,830.465/2023,1705924316741,,
391,1690595012769,12,830.466/2023,1705923667847,,
392,1690595012769,12,830.467/2023,1727101200974,,
393,1690595028836,12,830.468/2023,1727101200724,,
394,1690595028836,12,830.469/2023,1705923647453,,
395,1690595028836,12,830.493/2023,1705923788241,,
396,1690595028836,12,830.494/2023,1705923624645,,
397,1690595028836,12,830.496/2023,1705923691451,,
398,1690595028836,12,830.497/2023,1705922522646,,
399,1690595028836,12,830.498/2023,1705922668448,,
400,1690595028836,12,830.499/2023,1705923286344,,
401,1690595028836,12,830.500/2023,1705923592952,,
402,1690595028836,12,830.501/2023,1705923449449,,
403,1690595028836,12,830.502/2023,1705923417849,,
404,1690595028836,12,830.503/2023,1705923347400,,
405,1690595028836,12,830.504/2023,1705923671048,,
406,1690595028836,12,830.505/2023,1705923870942,,
407,1690595028836,12,830.506/2023,1705923157849,,
408,1690595045947,12,830.507/2023,1705923388369,,
409,1690595045947,12,830.508/2023,1705923646667,,
410,1690595045947,12,830.509/2023,1705923419548,,
411,1690595045947,12,830.510/2023,1705924216951,,
412,1690595045947,12,830.511/2023,1705923619145,,
413,1690595045947,12,830.512/2023,1705923758444,,
414,1690595045947,12,830.513/2023,1705922773445,,
415,1690595045947,12,830.515/2023,1705922585952,,
416,1690595045947,12,830.516/2023,1705922843952,,
417,1690595045947,12,830.526/2023,1705922789045,,
418,1690595045947,12,830.527/2023,1705923636142,,
419,1690595045947,12,830.628/2023,1705923670448,,
420,1690595045947,12,830.629/2023,1705923002945,,
421,1690595045947,12,830.630/2023,1705923149344,,
422,1690595045947,12,830.631/2023,1705923270441,,
423,1690595061048,12,830.632/2023,1705922789860,,
424,1690595061048,12,830.633/2023,1705922952746,,
425,1690595061048,12,830.634/2023,1705923608456,,
426,1690595061048,12,830.635/2023,1705923448644,,
427,1690595061048,12,830.636/2023,1705924187941,,
428,1690595061048,12,830.637/2023,1705923602746,,
429,1690595061048,12,830.638/2023,1705922590353,,
430,1690595061048,12,830.639/2023,1705923495741,,
431,1690595061048,12,830.640/2023,1705922578449,,
432,1690595061048,12,830.748/2023,1705923308748,,
433,1690595061048,12,830.749/2023,1705924394742,,
434,1690595061048,12,830.750/2023,1705923750740,,
435,1690595061048,12,830.752/2023,1705923202644,,
436,1690595061048,12,830.753/2023,1705922554560,,
437,1690595061048,12,830.754/2023,1705923311742,,
438,1690595078300,12,830.756/2023,1705923703347,,
439,1690595078300,12,830.757/2023,1705924074450,,
440,1690595078300,12,830.864/2023,1705923645649,,
441,1690595078300,12,830.865/2023,1705923682846,,
442,1690595078300,12,830.866/2023,1705923762946,,
443,1690595078300,12,830.873/2023,1705923623952,,
444,1690595078300,12,830.874/2023,1705923993042,,
445,1690595078300,12,830.875/2023,1705922519846,,
446,1690595078300,12,830.876/2023,1705923427643,,
447,1690595078300,12,830.878/2023,1705922845754,,
448,1690595078300,12,830.880/2023,1705923220848,,
449,1690595078300,12,830.881/2023,1705923145886,,
450,1690595078300,12,830.882/2023,1705924231441,,
451,1690595078300,12,830.883/2023,1705922979750,,
452,1690595078300,12,830.884/2023,1705923658750,,
453,1690595091687,12,831.073/2023,1705922879541,,
454,1690595091687,12,831.072/2023,1705924463446,,
455,1690595091687,12,831.071/2023,1705924554144,,
456,1690595091687,12,831.007/2023,1705957620736,,
457,1690595091687,12,831.006/2023,1705924664841,,
458,1690595091687,12,830.895/2023,1709232769520,,
459,1690595091687,12,830.893/2023,1705922683741,,
460,1690595091687,12,830.892/2023,1709232767235,,
461,1690595091687,12,830.891/2023,1705923367257,,
462,1690595091687,12,830.890/2023,1705923344449,,
463,1690595091687,12,830.889/2023,1709232766328,,
464,1690595091687,12,830.888/2023,1705923836053,,
465,1690595091687,12,830.887/2023,1709232765230,,
466,1690595091687,12,830.886/2023,1705922951254,,
467,1690595091687,12,830.885/2023,1705922993772,,
468,1690595110622,12,831.074/2023,1705924395944,,
469,1690595110622,12,831.075/2023,1705922980553,,
470,1690595110622,12,831.076/2023,1705923345749,,
471,1690595110622,12,831.077/2023,1705924477056,,
472,1690595110622,12,831.078/2023,1705923765942,,
473,1690595110622,12,831.079/2023,1705923598743,,
474,1690595110622,12,831.084/2023,1705923349454,,
475,1690595110622,12,831.086/2023,1705924352441,,
476,1690595110622,12,831.087/2023,1705924115742,,
477,1690595110622,12,831.088/2023,1705923245142,,
478,1690595110622,12,831.089/2023,1705924564857,,
479,1690595110622,12,831.090/2023,1705923403847,,
480,1690595110622,12,831.091/2023,1705923847446,,
481,1690595110622,12,831.092/2023,1705924374344,,
482,1690595110622,12,831.216/2014,1719252388422,,
483,1690595125115,12,831.371/2023,1710880667678,,
484,1690595125115,12,831.372/2023,1710880667379,,
485,1690595125115,12,831.373/2023,1710880667165,,
486,1690595125115,12,831.374/2023,1710880666765,,
487,1690595125115,12,831.403/2023,1705923623341,,
488,1690595125115,12,831.404/2023,1705923832153,,
489,1690595125115,12,831.405/2023,1705922847950,,
490,1690595125115,12,831.406/2023,1705922828944,,
491,1690595125115,12,831.407/2023,1705923519644,,
492,1690595125115,12,831.408/2023,1705924266749,,
493,1690595125115,12,831.409/2023,1705923345345,,
494,1690595125115,12,831.411/2023,1705922578043,,
495,1690595125115,12,831.412/2023,1705923659444,,
496,1690595125115,12,831.414/2023,1705922622969,,
497,1690595125115,12,831.415/2023,1705923214942,,
498,1690595140395,12,831.416/2023,1705922949551,,
499,1690595140395,12,831.417/2023,1705923537651,,
500,1690595140395,12,831.418/2023,1705923175259,,
501,1690595140395,12,831.419/2023,1705922877953,,
502,1690595140395,12,831.420/2023,1705923420953,,
503,1690595140395,12,831.421/2023,1705923740440,,
504,1690595140395,12,831.422/2023,1705922801246,,
505,1690595140395,12,831.423/2023,1705922956047,,
506,1690595140395,12,831.424/2023,1705922455851,,
507,1690595140395,12,831.425/2023,1705923372143,,
508,1690595140395,12,831.426/2023,1705923696442,,
509,1690595140395,12,831.427/2023,1705923646153,,
510,1690595140395,12,831.428/2023,1705923736041,,
511,1690595140395,12,831.429/2023,1705924546861,,
512,1690595140395,12,831.430/2023,1705924474941,,
513,1690595155606,12,831.431/2023,1705923751957,,
514,1690595155606,12,831.442/2016,1719252387722,,
515,1690595155606,12,831.458/2020,1705924472046,,
516,1690595155606,12,831.765/2014,1719252386820,,
517,1690595155606,12,831.815/2023,1705923981942,,
518,1690595155606,12,831.825/2023,1705923712145,,
519,1690595155606,12,831.826/2023,1705923241152,,
520,1690595155606,12,831.827/2023,1705923600241,,
521,1690595155606,12,831.828/2023,1705923595542,,
522,1690595155606,12,831.829/2023,1705923632945,,
523,1690595155606,12,831.830/2023,1705923714346,,
524,1690595155606,12,831.831/2023,1705923708642,,
525,1690595155606,12,831.832/2023,1705922605948,,
526,1690595155606,12,831.833/2023,1705923639742,,
527,1690595155606,12,831.834/2023,1705923542352,,
528,1690595172473,12,831.835/2023,1705924656452,,
529,1690595172473,12,831.837/2023,1705923175758,,
530,1690595172473,12,831.838/2023,1705923449948,,
531,1690595172473,12,831.839/2023,1705922703443,,
532,1690595172473,12,831.840/2023,1705923666755,,
533,1690595172473,12,831.841/2023,1705922521762,,
534,1690595172473,12,831.842/2023,1705924359442,,
535,1690595172473,12,831.843/2023,1705923418446,,
536,1690595172473,12,831.844/2023,1705923678342,,
537,1690595172473,12,831.845/2023,1705924532442,,
538,1690595172473,12,831.846/2023,1705922950544,,
539,1690595172473,12,831.847/2023,1705922743355,,
540,1690595172473,12,831.848/2023,1705923294340,,
541,1690595172473,12,831.849/2023,1705923668849,,
542,1690595172473,12,831.850/2023,1705923576865,,
543,1690595186317,12,831.851/2023,1705923956561,,
544,1690595186317,12,831.852/2023,1705923990440,,
545,1690595186317,12,831.853/2023,1705922817753,,
546,1690595186317,12,831.854/2023,1705923599743,,
547,1690595186317,12,831.856/2023,1705922846244,,
548,1690595186317,12,831.857/2023,1705922940648,,
549,1690595186317,12,831.858/2023,1705924447641,,
550,1690595186317,12,831.859/2023,1705923760541,,
551,1690595186317,12,831.860/2023,1705922830041,,
552,1690595186317,12,831.861/2023,1705923400251,,
553,1690595186317,12,831.862/2023,1705922996949,,
554,1690595186317,12,831.863/2023,1705924300453,,
555,1690595186317,12,831.864/2023,1705923701645,,
556,1690595186317,12,831.865/2023,1705924261241,,
557,1690595186317,12,831.866/2023,1705923486748,,
558,1690595204457,12,832.069/2014,1723816897324,,
559,1690595204457,12,832.538/2022,1705923625945,,
560,1690595204457,12,832.539/2022,1705923952346,,
561,1690595204457,12,832.540/2022,1705922632271,,
562,1690595204457,12,832.541/2022,1705923717243,,
563,1690595204457,12,832.542/2022,1705924483143,,
564,1690595204457,12,833.042/2022,1705922744656,,
565,1690595204457,12,833.046/2022,1705924263752,,
566,1690595204457,12,833.047/2022,1705924103746,,
567,1690595204457,12,833.048/2022,1705923658351,,
568,1690595204457,12,833.049/2022,1705923428651,,
569,1690595204457,12,833.050/2022,1705923668446,,
570,1690595204457,12,833.051/2022,1705923252149,,
571,1690595204457,12,833.052/2022,1705923306041,,
572,1690595204457,12,833.053/2022,1705923968650,,
573,1690595219041,12,833.054/2022,1705923600743,,
574,1690595219041,12,833.056/2022,1705923661451,,
575,1690595219041,12,833.057/2022,1705923472742,,
576,1690595219041,12,833.058/2022,1705923967549,,
577,1690595219041,12,833.060/2022,1705923516848,,
578,1690595219041,12,833.062/2022,1705923957847,,
579,1690595219041,12,833.063/2022,1705923695347,,
580,1690595219041,12,833.065/2022,1705923925843,,
581,1690595219041,12,833.100/2022,1705924122642,,
582,1690595219041,12,866.051/2023,1705922786847,,
583,1690595219041,12,866.052/2023,1705922886742,,
584,1690595219041,12,866.054/2023,1705924559253,,
585,1690595219041,12,866.055/2023,1705923511556,,
586,1690595219041,12,870.212/2023,1705923754864,,
587,1690595219041,12,870.213/2023,1705922515751,,
588,1690595240518,12,870.214/2023,1705923420140,,
589,1690595240518,12,870.785/2020,1705922744148,,
590,1690595240518,12,870.870/2023,1705923064361,,
591,1690595240518,12,870.871/2023,1705922841954,,
592,1690595240518,12,870.872/2023,1705923418754,,
593,1690595240518,12,870.873/2023,1705923177458,,
594,1690595240518,12,870.874/2023,1705924553746,,
595,1690595240518,12,870.875/2023,1705923689245,,
596,1690595240518,12,870.877/2023,1705923579647,,
597,1690595240518,12,870.878/2023,1705922822454,,
598,1690595240518,12,870.879/2023,1705922548045,,
599,1690595240518,12,870.881/2023,1705924326847,,
600,1690595240518,12,870.882/2023,1705923833943,,
601,1690595240518,12,870.883/2023,1705923963441,,
602,1690595253545,12,870.884/2023,1705922824858,,
603,1690595253545,12,870.885/2023,1705923489973,,
604,1690595253545,12,870.886/2023,1705924261753,,
605,1690595253545,12,870.887/2023,1705922879952,,
606,1690595253545,12,870.888/2023,1705924275943,,
607,1690595253545,12,870.889/2023,1705922811962,,
608,1690595253545,12,870.890/2023,1705922828144,,
609,1690595253545,12,870.891/2023,1705922488553,,
610,1690595253545,12,870.892/2023,1705922663549,,
611,1690595253545,12,870.893/2023,1705922995942,,
612,1690595253545,12,870.894/2023,1705922911948,,
613,1690595253545,12,870.895/2023,1705922432646,,
614,1690595253545,12,870.896/2023,1705923536575,,
615,1690595253545,12,870.897/2023,1705922573447,,
616,1690595253545,12,870.898/2023,1705924517046,,
617,1690595266667,12,870.899/2023,1705923281369,,
618,1690595266667,12,870.900/2023,1705923970248,,
619,1690595266667,12,870.901/2023,1705923601055,,
620,1690595266667,12,870.902/2023,1705923656252,,
621,1690595266667,12,870.903/2023,1705922868946,,
622,1690595266667,12,870.904/2023,1705922695753,,
623,1690595266667,12,870.905/2023,1705922869447,,
624,1690595266667,12,870.906/2023,1705923294648,,
625,1690595266667,12,870.907/2023,1705922771747,,
626,1690595266667,12,870.908/2023,1705924257954,,
627,1690595266667,12,870.909/2023,1705923584853,,
628,1690595266667,12,870.910/2023,1705924559652,,
629,1690595266667,12,870.929/2020,1705922507652,,
630,1690595266667,12,870.934/2020,1710880666270,,
631,1690595266667,12,870.966/2020,1705923443147,,
632,1690595276623,12,880.191/2022,1705924264466,,
633,1690595276623,12,880.192/2022,1705923658948,,
634,1690595291756,12,831.938/2023,1705924349841,,
635,1690595291756,12,831.939/2023,1705922633059,,
636,1690595291756,12,831.940/2023,1705922976654,,
637,1690595291756,12,831.941/2023,1705923669945,,
638,1690595291756,12,831.942/2023,1705923780141,,
639,1690595291756,12,831.943/2023,1705922924647,,
640,1690595291756,12,831.944/2023,1705923242445,,
641,1690595291756,12,831.945/2023,1705923535154,,
642,1690595291756,12,831.946/2023,1705922848457,,
643,1690595291756,12,831.947/2023,1705922926846,,
644,1690595291756,12,831.948/2023,1705922899450,,
645,1690595291756,12,831.949/2023,1705923783443,,
646,1690595291756,12,831.950/2023,1705924251948,,
647,1690595291756,12,831.951/2023,1705923391156,,
648,1690595291756,12,831.952/2023,1705922609746,,
649,1690595307107,12,831.953/2023,1705923769443,,
650,1690595307107,12,831.954/2023,1705923661960,,
651,1690595307107,12,831.955/2023,1705923541862,,
652,1690595307107,12,831.956/2023,1705923699345,,
653,1690595307107,12,831.957/2023,1705924328741,,
654,1690595307107,12,831.967/2023,1705922728657,,
655,1690595307107,12,831.968/2023,1705923706042,,
656,1690595307107,12,831.969/2023,1705923660142,,
657,1690595307107,12,831.970/2023,1705924263909,,
658,1690595307107,12,831.971/2023,1705922981050,,
659,1690595307107,12,831.972/2023,1705923680744,,
660,1690595307107,12,831.973/2023,1705923630777,,
661,1690595307107,12,831.985/2023,1705922753353,,
662,1690595307107,12,831.986/2023,1705923672352,,
663,1690595307107,12,831.987/2023,1705923823641,,
664,1690595321786,12,831.988/2023,1705924269356,,
665,1690595321786,12,831.989/2023,1705923008247,,
666,1690595321786,12,831.990/2023,1705923463141,,
667,1690595321786,12,831.992/2023,1705922879047,,
668,1690595321786,12,831.993/2023,1705923396841,,
669,1690595321786,12,831.994/2023,1705923732249,,
670,1690595321786,12,831.995/2023,1705922990945,,
671,1690595321786,12,831.996/2023,1705923538143,,
672,1690595321786,12,831.997/2023,1705923453141,,
673,1690595321786,12,831.998/2023,1705923331071,,
674,1690595321786,12,831.999/2023,1705924356143,,
675,1690595321786,12,832.000/2023,1705923773541,,
676,1690595321786,12,832.001/2023,1705923597458,,
677,1690595321786,12,832.003/2023,1705923597946,,
678,1690595321786,12,832.005/2023,1705922763853,,
679,1690595335539,12,832.006/2023,1705923544861,,
680,1690595335539,12,832.007/2023,1705924185641,,
681,1690595335539,12,832.008/2023,1705923039555,,
682,1690595335539,12,832.009/2023,1705923745355,,
683,1690595335539,12,832.010/2023,1705924618441,,
684,1690595335539,12,832.011/2023,1705923954948,,
685,1690595335539,12,832.012/2023,1705923531369,,
686,1690595335539,12,832.013/2023,1705924250748,,
687,1690595335539,12,832.036/2023,1705923545948,,
688,1690595335539,12,832.037/2023,1705923738044,,
689,1690595335539,12,832.038/2023,1705922736740,,
690,1690595335539,12,832.039/2023,1705922996451,,
691,1690595335539,12,832.041/2023,1705923686545,,
692,1690595335539,12,832.040/2023,1705923415851,,
693,1690595335539,12,832.042/2023,1705923512156,,
694,1690595351749,12,832.043/2023,1705923521040,,
695,1690595351749,12,832.044/2023,1705923581148,,
696,1690595351749,12,832.045/2023,1705924377542,,
697,1690595351749,12,832.046/2023,1705923460859,,
698,1690595351749,12,832.047/2023,1705924397546,,
699,1690595351749,12,832.060/2023,1705923352154,,
700,1690595351749,12,832.061/2023,1705923351041,,
701,1690595351749,12,832.062/2023,1705923545541,,
702,1690595351749,12,832.063/2023,1705923470142,,
703,1690595351749,12,832.064/2023,1705922877361,,
704,1690595351749,12,832.065/2023,1705923533744,,
705,1690595351749,12,832.066/2023,1705923005756,,
706,1690649595828,12,830.756/2020,1705923610945,,
707,1690667003584,12,890.030/2020,1723816896448,,
708,1690758778743,12,831.524/2020,1705924502242,,
709,1690850206882,12,832.093/2023,1710880665865,,
710,1690850206882,12,832.092/2023,1710880665477,,
711,1690888638089,12,846.105/2009,1705924634246,,
712,1690888638089,12,846.106/2009,1705957619696,,
713,1690888742623,12,846.107/2009,1705922971466,,
714,1690888742623,12,846.108/2009,1705924070449,,
715,1690888742623,12,846.132/2015,1705924662944,,
716,1690888742623,12,846.133/2015,1705922929246,,
717,1690888742623,12,846.134/2015,1705923368041,,
718,1690888742623,12,846.135/2015,1705923540546,,
719,1690888742623,12,846.153/2013,1705922924246,,
720,1690888742623,12,846.154/2013,1705923031247,,
721,1690889008517,12,846.236/2016,1705923362255,,
722,1690889008517,12,846.237/2016,1713368924501,,
723,1690889176372,12,846.575/2011,1705923177043,,
724,1690889176372,12,846.582/2011,1705922843344,,
725,1690889196753,12,846.587/2011,1705923422352,,
726,1690889196753,12,846.588/2011,1705923027950,,
727,1690889725475,12,815.626/2008,1719252382817,,
728,1690889741049,12,815.625/2008,1719252369113,,
729,1690889759558,12,810.988/2011,1705957616691,,
730,1690889774540,12,810.702/2011,1705957612581,,
731,1690889790993,12,810.732/2005,1717183502617,,
732,1690889804840,12,831.798/2013,1705922995067,,
733,1690889841755,12,810.647/2008,1729614168344,,
734,1690889855190,12,810.636/2007,1729614167703,,
735,1690889868280,12,810.215/2010,1729614166561,,
736,1690889879040,12,810.345/2009,1729614165786,,
737,1690889929938,12,810.808/2008,1729614164994,,
738,1690889941585,12,810.520/2011,1729614164371,,
739,1690889953239,12,810.386/2011,1729614164020,,
740,1690889962268,12,810.385/2011,1729691143947,,
741,1690889986853,12,811.188/2011,1719252365115,,
742,1690890116538,12,300.654/2012,1705923954461,,
743,1690890129468,12,300.653/2012,1705922997450,,
744,1690890331333,12,890.277/2014,1719252362925,,
745,1690890331333,12,890.069/2015,1719252361623,,
746,1690890549740,12,860.114/2015,1705957545091,,
747,1690890549740,12,860.113/2015,1705957543492,,
748,1690890549740,12,860.112/2015,1723816895417,,
749,1690890570240,12,890.092/2017,1705923451641,,
750,1690890625067,12,890.263/2018,1709237628234,,
751,1690890625067,12,890.264/2018,1709237626521,,
752,1690890625067,12,890.305/1995,1705922695262,,
753,1690890625067,12,890.402/2016,1705922589054,,
754,1690890625067,12,890.403/2016,1705923061562,,
755,1690890625067,12,890.554/2012,1705957533889,,
756,1690890640341,12,890.229/2021,1705923240751,,
757,1690890651740,12,890.007/2021,1705923206153,,
758,1690890662538,12,890.109/2022,1705922808643,,
759,1690891764223,12,803.048/2019,1705957531482,,
760,1690891764223,12,864.012/2018,1710859196061,,
761,1690891764223,12,864.053/2021,1705923099048,,
762,1690891764223,12,864.071/2014,1723816892234,,
763,1690891764223,12,864.237/2014,1705922664981,,
764,1690891876488,12,800.170/1976,1718292231078,,
765,1690891944648,12,890.244/2015,1720887384755,,
766,1690891967838,12,890.223/2015,1720887382150,,
767,1690892008153,12,890.332/2006,1719252360723,,
768,1690892008153,12,890.381/1998,1705957530279,,
769,1690892008153,12,890.161/2004,1719252358323,,
770,1690892052311,12,890.274/2016,1705923309257,,
771,1690892052311,12,890.275/2016,1705922765544,,
772,1690892091639,12,850.720/2022,1720539257155,,
773,1690892185870,12,890.066/2022,1705922641751,,
774,1690892221878,12,890.100/2021,1705923154253,,
775,1690892241401,12,890.067/2022,1705922932756,,
776,1690892301536,12,826.275/2020,1726782128492,,
777,1690892571610,12,800.238/2016,1716272272607,,
778,1690892571610,12,800.240/2016,1716272271305,,
779,1690892571610,12,800.241/2016,1716272270198,,
780,1690892571610,12,800.247/2016,1716272268809,,
781,1690892590827,12,800.475/2016,1705923407354,,
782,1690892590827,12,800.474/2016,1705957522482,,
783,1690892590827,12,800.476/2016,1705957513679,,
784,1690892590827,12,800.477/2016,1705924259553,,
785,1690892773508,12,870.988/2020,1705922833044,,
786,1690892773508,12,870.989/2020,1719252354318,,
787,1690892773508,12,870.990/2020,1705923207748,,
788,1690892773508,12,870.991/2020,1705923296560,,
789,1690892773508,12,870.992/2020,1719252353417,,
790,1690892773508,12,870.993/2020,1719252352613,,
791,1690892773508,12,870.994/2020,1719252351312,,
792,1690892773508,12,870.995/2020,1719252350430,,
793,1690892773508,12,870.996/2020,1719252349420,,
794,1690892773508,12,870.997/2020,1719252348620,,
795,1690892773508,12,870.998/2020,1719252347826,,
796,1690892773508,12,870.999/2020,1719252346614,,
797,1690892773508,12,871.000/2020,1719252345818,,
798,1690892773508,12,871.001/2020,1719252345027,,
799,1690892773508,12,871.002/2020,1719252344316,,
800,1690892788285,12,871.003/2020,1719252343217,,
801,1690892788285,12,871.004/2020,1719252342517,,
802,1690892788285,12,871.005/2020,1719252341528,,
803,1690892788285,12,871.006/2020,1719252340626,,
804,1690892788285,12,871.007/2020,1719252339729,,
805,1690892788285,12,871.008/2020,1719252339028,,
806,1690892788285,12,871.009/2020,1719252338222,,
807,1690892788285,12,871.010/2020,1705922881546,,
808,1690892788285,12,871.011/2020,1705923969844,,
809,1690892788285,12,871.012/2020,1705923353355,,
810,1690892788285,12,871.013/2020,1705923295749,,
811,1690892788285,12,871.014/2020,1719252336721,,
812,1690892788285,12,871.015/2020,1705923127553,,
813,1690892788285,12,871.016/2020,1705922968256,,
814,1690892788285,12,871.017/2020,1705923293862,,
815,1690892804930,12,871.018/2020,1719252335826,,
816,1690892804930,12,871.019/2020,1719252334923,,
817,1690892804930,12,871.020/2020,1719252334018,,
818,1690892804930,12,871.021/2020,1719252333316,,
819,1690892804930,12,871.022/2020,1719252332413,,
820,1690892804930,12,871.023/2020,1719252330927,,
821,1690892804930,12,871.024/2020,1705923525455,,
822,1690892804930,12,871.025/2020,1720886733656,,
823,1690892804930,12,896.099/2020,1705922728053,,
824,1690892804930,12,896.100/2020,1705923162653,,
825,1690892804930,12,896.102/2020,1705922580161,,
826,1690892804930,12,896.103/2020,1705923384141,,
827,1690892804930,12,896.104/2020,1705923519248,,
828,1690892804930,12,896.105/2020,1705923228648,,
829,1690892804930,12,896.106/2020,1705922700641,,
830,1690893403363,12,896.107/2020,1705923527440,,
831,1690893403363,12,896.108/2020,1705922816048,,
832,1690893403363,12,896.109/2020,1705924540441,,
833,1690893403363,12,896.110/2020,1705922802044,,
834,1690893403363,12,896.111/2020,1705923387876,,
835,1690893403363,12,896.112/2020,1705923090246,,
836,1690893403363,12,896.113/2020,1705923392051,,
837,1690893403363,12,896.114/2020,1705923387055,,
838,1690893403363,12,896.116/2020,1705923543549,,
839,1690893403363,12,896.115/2020,1705924603344,,
840,1690893403363,12,896.117/2020,1705923386253,,
841,1690893403363,12,896.118/2020,1705924561245,,
842,1690893403363,12,896.119/2020,1705923541349,,
843,1690893403363,12,896.120/2020,1705922966467,,
844,1690893403363,12,896.121/2020,1705922520758,,
845,1690893718352,12,896.122/2020,1705923268952,,
846,1690893718352,12,896.123/2020,1705923237550,,
847,1690893718352,12,896.124/2020,1705923052059,,
848,1690893718352,12,896.125/2020,1705922890945,,
849,1690893718352,12,896.126/2020,1705923279848,,
850,1690893718352,12,896.127/2020,1705923010942,,
851,1690893718352,12,896.128/2020,1705924393448,,
852,1690893718352,12,896.129/2020,1705923026464,,
853,1690893718352,12,896.130/2020,1705922644651,,
854,1690893718352,12,896.131/2020,1705923529941,,
855,1690893718352,12,896.132/2020,1705924466441,,
856,1690893718352,12,896.133/2020,1705922747162,,
857,1690893718352,12,896.136/2020,1705922680053,,
858,1690893718352,12,896.137/2020,1705922803753,,
859,1690893718352,12,896.138/2020,1705924431152,,
860,1690893732158,12,896.139/2020,1705923535954,,
861,1690893732158,12,896.140/2020,1705922438156,,
862,1690893732158,12,896.141/2020,1705924646543,,
863,1690893732158,12,896.142/2020,1705922588745,,
864,1690893732158,12,896.143/2020,1705923959754,,
865,1690893732158,12,896.144/2020,1705922584053,,
866,1690893732158,12,896.145/2020,1705924562844,,
867,1690893732158,12,896.146/2020,1705922984155,,
868,1690893732158,12,896.147/2020,1705923458351,,
869,1690893732158,12,896.148/2020,1705924561956,,
870,1690893732158,12,896.149/2020,1705924560454,,
871,1690893732158,12,896.150/2020,1705923229546,,
872,1690893732158,12,896.151/2020,1705923122352,,
873,1690893732158,12,896.152/2020,1705922667458,,
874,1690893732158,12,896.153/2020,1705923069949,,
875,1690893747386,12,896.154/2020,1705922514841,,
876,1690893747386,12,896.155/2020,1705924552356,,
877,1690893747386,12,896.156/2020,1705923448055,,
878,1690893747386,12,896.157/2020,1705924542348,,
879,1690893747386,12,896.158/2020,1705922788645,,
880,1690893747386,12,896.159/2020,1705924660045,,
881,1690893747386,12,896.160/2020,1705924337144,,
882,1690893747386,12,896.161/2020,1705923285049,,
883,1690893747386,12,896.162/2020,1705923452449,,
884,1690893747386,12,896.163/2020,1705923056954,,
885,1690893747386,12,896.164/2020,1705922706159,,
886,1690893747386,12,896.165/2020,1705924614646,,
887,1690893747386,12,896.166/2020,1705922804655,,
888,1690893747386,12,896.167/2020,1705923310058,,
889,1690894565166,12,800.306/2020,1705923956054,,
890,1690894574537,12,800.307/2020,1705923361545,,
891,1690894679987,12,830.043/2017,1705924599142,,
892,1690894679987,12,830.500/2016,1723816891136,,
893,1690894679987,12,830.502/2016,1705922629776,,
894,1690894679987,12,830.504/2016,1712913704670,,
895,1690894679987,12,830.499/2016,1705922757669,,
896,1690894679987,12,830.501/2016,1705923144144,,
897,1690894679987,12,830.503/2016,1705957508007,,
898,1690894679987,12,830.781/2012,1705923318542,,
899,1690894686241,12,832.036/2016,1705922503855,,
900,1690894894238,12,850.326/2019,1705922856946,,
902,1690895143140,12,890.074/2017,1706008408091,,
903,1690895143140,12,890.922/2014,1705923182578,,
904,1690895143140,12,890.948/2014,1724093993517,,
905,1690895143140,12,890.963/2014,1705924309041,,
906,1690895143140,12,896.002/2017,1726576422148,,
907,1690895143140,12,896.406/2007,1726576420249,,
908,1690895143140,12,896.547/2012,1705923145769,,
909,1690895143140,12,896.548/2012,1726576404840,,
910,1690895143140,12,896.549/2012,1726576402841,,
911,1690895143140,12,896.551/2012,1726576398540,,
912,1690895143140,12,896.631/2009,1726576392034,,
913,1690896205553,12,890.103/2021,1705923119744,,
914,1690935838110,12,830.862/2010,1705924455641,,
915,1690935900211,12,832.224/2022,1705923524545,,
916,1690935943528,12,831.522/2022,1716989609723,,
917,1690936083208,12,867.350/2021,1705923569251,,
919,1691100913588,12,803.039/2023,1705922967152,,
920,1691100913588,12,864.458/2022,1705922525641,,
921,1691100913588,12,864.455/2022,1705923425341,,
922,1691100913588,12,864.454/2022,1705922428643,,
923,1691100913588,12,864.453/2022,1705924647745,,
924,1691100913588,12,864.452/2022,1705924049847,,
925,1691100913588,12,864.451/2022,1705923157243,,
926,1691100913588,12,864.449/2022,1705923206951,,
927,1691100913588,12,864.448/2022,1705922449950,,
928,1691100913588,12,864.447/2022,1705923360552,,
929,1691100913588,12,864.446/2022,1705924317944,,
930,1691100913588,12,864.445/2022,1705922878358,,
931,1691100913588,12,864.444/2022,1705923151248,,
932,1691100913588,12,864.273/2021,1705922929752,,
933,1691101033331,12,890.006/2018,1705922860558,,
934,1691101033331,12,890.193/2019,1705923980045,,
935,1691101283549,12,806.012/2020,1719252330113,,
936,1691101283549,12,870.029/2020,1705923177845,,
937,1691101283549,12,896.004/2020,1705957501694,,
938,1691101283549,12,896.016/2021,1705923240258,,
939,1691101283549,12,896.017/2021,1705924249051,,
940,1691101283549,12,896.018/2021,1705924652944,,
941,1691101283549,12,896.019/2021,1705923028846,,
942,1691101283549,12,896.027/2021,1705923821459,,
943,1691101283549,12,896.026/2021,1705923482750,,
944,1691101283549,12,896.025/2021,1705923056151,,
945,1691101283549,12,896.024/2021,1729617835676,,
946,1691101283549,12,896.023/2021,1705922982461,,
947,1691101283549,12,896.022/2021,1705924194541,,
948,1691101283549,12,896.021/2021,1727869243062,,
949,1691101304434,12,896.020/2021,1705922938544,,
950,1691101440423,12,896.028/2021,1705923298044,,
951,1691101440423,12,896.029/2021,1705924541647,,
952,1691101440423,12,896.030/2021,1729617835380,,
953,1691101440423,12,896.031/2021,1705922665887,,
954,1691101440423,12,896.032/2021,1705924130242,,
955,1691101440423,12,896.033/2021,1705923167446,,
956,1691101440423,12,896.034/2021,1705922791956,,
957,1691101440423,12,896.035/2021,1705922564253,,
958,1691101440423,12,896.036/2021,1705923910047,,
959,1691101440423,12,896.037/2021,1705922760276,,
960,1691101440423,12,896.038/2021,1705922824361,,
961,1691101440423,12,896.039/2021,1705923107041,,
962,1691101440423,12,896.040/2021,1705923377341,,
963,1691101473509,12,896.055/2021,1705922926448,,
964,1691101473509,12,896.052/2021,1705923282954,,
965,1691101473509,12,896.054/2021,1705923087447,,
966,1691101473509,12,896.053/2021,1705923289142,,
967,1691101473509,12,896.051/2021,1705923160647,,
968,1691101473509,12,896.050/2021,1705923427057,,
969,1691101473509,12,896.049/2021,1705924240944,,
970,1691101473509,12,896.048/2021,1705924567854,,
971,1691101473509,12,896.047/2021,1705922998348,,
972,1691101473509,12,896.046/2021,1705923416853,,
973,1691101473509,12,896.045/2021,1705923572360,,
974,1691101473509,12,896.044/2021,1705922729646,,
975,1691101473509,12,896.043/2021,1705923105954,,
976,1691101473509,12,896.042/2021,1705924043948,,
977,1691101473509,12,896.041/2021,1705923001148,,
978,1691101548504,12,896.063/2021,1705924175357,,
979,1691101548504,12,896.062/2021,1729617835152,,
980,1691101548504,12,896.061/2021,1705923148849,,
981,1691101548504,12,896.060/2021,1705922868546,,
982,1691101548504,12,896.059/2021,1705923360251,,
983,1691101548504,12,896.058/2021,1705923300748,,
984,1691101548504,12,896.057/2021,1705922845151,,
985,1691101548504,12,896.056/2021,1705922579351,,
986,1691101774335,12,850.296/2015,1705922767944,,
987,1691101774335,12,896.057/2020,1705922635459,,
988,1691101774335,12,800.115/2020,1725555953474,,
989,1691101787032,12,830.297/2023,1705923366641,,
990,1691101939116,12,890.460/2008,1719501150530,,
991,1691496686950,12,831.287/2010,1705924609445,,
992,1691496686950,12,831.293/2010,1705923359355,,
993,1691496686950,12,831.290/2010,1705922770153,,
994,1691496686950,12,831.296/2010,1705923061152,,
995,1691496686950,12,831.302/2010,1705924298945,,
996,1691496686950,12,832.565/2012,1723816889925,,
997,1691496686950,12,831.297/2010,1705923236847,,
998,1691496686950,12,832.564/2012,1723816888335,,
999,1691496915771,12,803.014/2017,1705923232654,,
1000,1691496915771,12,803.015/2017,1705922999753,,
1001,1691496915771,12,803.023/2017,1723816887027,,
1002,1691496915771,12,803.234/2015,1705922911345,,
1003,1691496915771,12,803.235/2015,1705924246550,,
1004,1691496915771,12,803.269/2011,1723816885425,,
1005,1691496915771,12,803.270/2011,1726576375236,,
1006,1691496972906,12,803.499/2011,1705922806642,,
1007,1691496972906,12,803.501/2011,1705923179241,,
1008,1691496972906,12,803.498/2011,1705922819853,,
1009,1691496972906,12,803.502/2011,1705923004558,,
1010,1691496972906,12,803.500/2011,1705923307248,,
1011,1691497170506,12,803.635/2011,1705923007641,,
1012,1691497182504,12,803.671/2011,1705924150048,,
1013,1691497194951,12,803.681/2011,1705922920253,,
1014,1691497205506,12,803.231/2012,1705922875548,,
1015,1691497216634,12,803.634/2011,1705923302946,,
1016,1691497231304,12,803.670/2011,1705923079942,,
1017,1691497246357,12,803.673/2011,1705923796754,,
1018,1691497259662,12,803.682/2011,1705922813754,,
1019,1691497367207,12,803.633/2011,1705924266257,,
1020,1691497426134,12,803.625/2011,1705923209050,,
1021,1691497476854,12,866.887/2018,1705923818650,,
1022,1691497489815,12,867.417/2017,1714832609031,,
1023,1691497503810,12,866.145/2019,1705923358146,,
1024,1691497515107,12,867.416/2017,1714832604631,,
1025,1691497525239,12,867.418/2017,1714832599731,,
1026,1691500365863,12,831.174/2016,1705923058841,,
1027,1691500365863,12,832.378/2013,1705922480441,,
1028,1691500365863,12,832.185/2013,1723816880628,,
1029,1691500365863,12,832.184/2013,1723816877218,,
1030,1691500365863,12,832.079/2018,1726782128275,,
1031,1691500365863,12,832.078/2018,1725555952294,,
1032,1691500365863,12,832.077/2018,1705922708941,,
1033,1691500365863,12,832.076/2018,1705924641944,,
1034,1691500365863,12,832.064/2017,1705923231041,,
1035,1691500365863,12,832.059/2017,1705923089246,,
1036,1691500365863,12,831.843/2007,1705922447741,,
1037,1691500365863,12,831.273/2018,1705923100762,,
1038,1691500365863,12,831.272/2018,1705922698846,,
1039,1691500365863,12,831.269/2018,1705924203741,,
1040,1691500365863,12,831.265/2018,1705922500442,,
1041,1691500365863,12,832.419/2016,1723816871320,,
1042,1691500365863,12,832.586/2014,1723816869433,,
1043,1691500365863,12,832.735/2014,1705922608848,,
1044,1691500365863,12,832.737/2014,1723816866618,,
1045,1691500365863,12,832.738/2014,1723816863135,,
1046,1691500365863,12,832.740/2014,1705923226045,,
1047,1691500365863,12,832.742/2014,1705923109656,,
1048,1691500365863,12,832.744/2014,1705922502645,,
1049,1691500365863,12,832.978/2014,1723816860316,,
1050,1691500365863,12,832.979/2014,1705922506660,,
1051,1691500365863,12,832.980/2014,1732531787996,,
1052,1691500365863,12,832.981/2014,1723816857915,,
1053,1691500365863,12,832.982/2014,1723816855839,,
1054,1691500365863,12,832.984/2014,1705923121463,,
1055,1691500365863,12,833.114/2013,1705922733941,,
1056,1691500365863,12,833.115/2013,1705924593946,,
1057,1691500365863,12,833.116/2013,1705922987446,,
1058,1691500365863,12,833.117/2013,1705923103052,,
1059,1691500365863,12,833.118/2013,1705923549848,,
1060,1691500365863,12,833.119/2013,1705922452352,,
1066,1692456287380,12,890.572/2012,1723816853026,,
1067,1692456375053,12,890.033/2023,1705922766264,,
1071,1692456624173,12,890.022/2015,1719252320019,,
1072,1692456624173,12,890.116/2016,1719252318323,,
1073,1692456624173,12,890.117/2016,1719252317817,,
1074,1692456624173,12,890.352/2016,1719252317117,,
1075,1692456624173,12,890.353/2016,1719252316020,,
1076,1692456624173,12,890.506/2014,1719252315422,,
1077,1692456624173,12,890.535/2010,1705957496304,,
1078,1692456624173,12,890.717/2011,1730460073170,,
1079,1692456624173,12,890.914/2013,1705957494484,,
1080,1692456733504,12,890.195/2021,1705924314742,,
1081,1692456743602,12,890.044/2023,1716272267393,,
1082,1692456766113,12,832.510/2022,1705924433549,,
1083,1692456874740,12,890.129/2001,1723816847529,,
1084,1692456874740,12,890.193/2021,1705923504441,,
1085,1692456874740,12,890.287/2014,1705922742951,,
1086,1692456874740,12,890.368/2015,1705922634252,,
1087,1692456874740,12,890.379/2017,1705924091045,,
1088,1692456874740,12,890.936/2013,1719252312513,,
1089,1692456874740,12,890.571/2012,1705957493997,,
1090,1692456874740,12,890.553/2012,1705957491090,,
1091,1692456874740,12,890.551/2012,1705957489892,,
1092,1692456874740,12,890.550/2012,1705957488509,,
1093,1692456874740,12,890.520/2014,1719252309614,,
1094,1692456874740,12,890.512/2014,1705922931156,,
1095,1692456874740,12,891.016/2014,1723816845423,,
1096,1692457211963,12,831.515/2020,1705924567965,,
1097,1692457211963,12,860.661/2020,1705957487015,,
1098,1692457211963,12,871.094/2020,1720887376761,,
1099,1692457211963,12,880.177/2020,1705924256045,,
1100,1692457211963,12,880.180/2020,1705923448943,,
1101,1692457211963,12,880.181/2020,1705922878142,,
1102,1692457211963,12,880.182/2020,1705924044243,,
1107,1692457474897,12,866.237/2017,1723816844523,,
1108,1692457474897,12,866.251/2009,1705923850643,,
1109,1692457474897,12,866.574/2014,1705924411841,,
1110,1692457474897,12,866.575/2014,1705924135249,,
1111,1692457474897,12,866.886/2014,1705957485187,,
1112,1692457474897,12,866.908/2014,1705923510648,,
1113,1692457474897,12,866.907/2014,1705922934743,,
1114,1692457474897,12,866.906/2014,1705924488741,,
1115,1692457558837,12,866.167/2018,1705924544241,,
1116,1692457558837,12,866.168/2018,1705923967056,,
1117,1692457558837,12,866.169/2018,1705923395852,,
1118,1692457558837,12,866.170/2018,1705922852056,,
1119,1692457558837,12,866.418/2017,1705957483884,,
1120,1692457558837,12,867.065/2021,1705923393443,,
1134,1692462448286,12,890.596/2015,1710859198752,,
1135,1692462448286,12,890.597/2015,1706008404381,,
1136,1692462583685,12,868.169/2021,1705957482613,,
1137,1692462583685,12,868.168/2021,1705957481689,,
1139,1692462760815,12,890.227/2016,1724679895157,,
1140,1692462760815,12,890.225/2016,1724679894255,,
1151,1692463090828,12,866.140/2023,1705923389455,,
1152,1692463090828,12,871.791/2022,1705924367442,,
1153,1692463133984,12,870.726/2021,1705923488250,,
1154,1692463133984,12,840.044/2023,1705923485344,,
1155,1692463133984,12,840.003/2022,1716989606716,,
1156,1692463133984,12,864.207/2021,1705922643052,,
1157,1692463133984,12,840.002/2022,1705923977642,,
1158,1692463133984,12,832.873/2021,1723816843526,,
1159,1692463180329,12,890.231/2016,1719252308614,,
1160,1692463208886,12,890.275/2005,1719252307424,,
1161,1692463242801,12,826.049/2022,1705923415356,,
1162,1692463256102,12,826.212/2022,1705923389659,,
1163,1692463327110,12,831.681/2022,1705922989456,,
1165,1692463399454,12,851.707/2021,1705922770654,,
1166,1692463422489,12,850.311/2022,1705922701550,,
1167,1692463422489,12,850.336/2022,1719416035228,,
1168,1692463422489,12,850.437/2022,1705923409546,,
1169,1692463456533,12,890.538/2011,1705924551457,,
1170,1692463456533,12,890.605/2009,1723816842816,,
1171,1692463456533,12,890.606/2009,1719252299917,,
1172,1692463456533,12,890.607/2009,1723816841533,,
1173,1692463508975,12,831.012/2020,1705923403158,,
1174,1692463508975,12,802.291/1974,1719252298013,,
1176,1692463583439,12,890.244/2021,1705922790149,,
1177,1692463596801,12,890.238/2018,1705923960954,,
1179,1692879815080,12,832.386/2023,1705923475340,,
1180,1692879815080,12,832.385/2023,1705924124445,,
1181,1692879815080,12,832.384/2023,1705924018741,,
1182,1692879815080,12,832.383/2023,1705924244945,,
1183,1692879815080,12,832.382/2023,1705923515358,,
1184,1692879815080,12,832.381/2023,1705923423842,,
1191,1694699831339,12,832.459/2023,1705924291041,,
1192,1694699831339,12,832.460/2023,1712049710043,,
1193,1694699831339,12,832.461/2023,1712049708642,,
1194,1694699831339,12,832.462/2023,1705923845648,,
1195,1694699831339,12,832.463/2023,1705922761141,,
1196,1694699831339,12,832.465/2023,1705922915052,,
1197,1695063611223,12,832.568/2023,1705957474398,,
1198,1695063611223,12,832.490/2023,1705924096765,,
1199,1695063611223,12,832.309/2023,1705924282542,,
1200,1695069169479,12,848.305/2023,1705924247441,,
1201,1695069169479,12,846.241/2023,1726782128089,,
1202,1695230160586,12,832.712/2023,1705924020244,,
1203,1695815412658,12,832.776/2023,1705923514553,,
1204,1695815412658,12,832.775/2023,1708358962921,,
1206,1696375367514,12,840.248/2023,1705924014244,,
1210,1699746709548,12,872.027/2023,1712741028562,,
1215,1700653662512,12,872.035/2023,1705922876375,,
1216,1700653662512,12,872.039/2023,1712741027570,,
1217,1700653662512,12,872.042/2023,1706907864541,,
1218,1700653662512,12,872.049/2023,1706907864377,,
1219,1700653662512,12,872.050/2023,1706907864225,,
1220,1700653662512,12,872.051/2023,1706907864064,,
1221,1700653662512,12,872.052/2023,1707391020096,,
1222,1700653662512,12,872.053/2023,1707391019114,,
1223,1700653662512,12,872.057/2023,1714036967735,,
1224,1700653662512,12,872.058/2023,1707391018293,,
1225,1700653662512,12,872.061/2023,1712741026768,,
1226,1700653662512,12,872.067/2023,1706907863908,,
1227,1700653677350,12,872.069/2023,1705922762541,,
1228,1700653677350,12,872.073/2023,1705922745752,,
1229,1700653677350,12,872.113/2023,1707391017414,,
1230,1700653677350,12,872.114/2023,1707391015909,,
1231,1700653677350,12,872.115/2023,1705924252552,,
1232,1700653677350,12,872.116/2023,1707391014295,,
1233,1700653677350,12,872.117/2023,1712741025967,,
1234,1700653677350,12,872.184/2023,1706907863761,,
1235,1700653677350,12,872.185/2023,1706907863601,,
1236,1700653677350,12,872.189/2023,1712741025069,,
1237,1700653677350,12,872.191/2023,1706907863436,,
1238,1700653677350,12,872.194/2023,1706907863298,,
1239,1700653677350,12,872.242/2023,1706907863145,,
1240,1700653677350,12,872.243/2023,1706907862997,,
1241,1700653677350,12,872.244/2023,1706907862861,,
1242,1700653691499,12,872.245/2023,1706907862601,,
1243,1700653691499,12,872.246/2023,1706907862453,,
1244,1700653691499,12,872.247/2023,1714036966544,,
1245,1700653691499,12,872.249/2023,1706907862289,,
1246,1700653691499,12,872.251/2023,1706907862154,,
1247,1701081619402,12,872.286/2023,1705922805063,,
1248,1701081619402,12,872.287/2023,1706907861998,,
1249,1701081619402,12,872.295/2023,1705923953956,,
1250,1701081619402,12,872.294/2023,1705923396254,,
1251,1701081619402,12,872.293/2023,1705924391947,,
1252,1701081619402,12,872.292/2023,1705922938860,,
1253,1701081619402,12,872.291/2023,1706907861858,,
1254,1701081619402,12,872.290/2023,1705922875947,,
1255,1701081619402,12,872.289/2023,1705922864651,,
1256,1701081619402,12,872.288/2023,1706907861710,,
1257,1701081633948,12,872.313/2023,1726782127895,,
1258,1701081633948,12,872.312/2023,1705922823241,,
1259,1701081633948,12,872.311/2023,1706907861575,,
1260,1701081633948,12,872.310/2023,1706907861421,,
1261,1701081633948,12,872.307/2023,1705922790554,,
1262,1701081633948,12,872.306/2023,1706907861281,,
1263,1701081633948,12,872.304/2023,1705922678744,,
1264,1701081633948,12,872.303/2023,1705923994855,,
1265,1701081633948,12,872.302/2023,1706907861102,,
1266,1701081633948,12,872.301/2023,1705923390555,,
1267,1701081633948,12,872.300/2023,1706907860959,,
1268,1701081633948,12,872.299/2023,1705923958558,,
1269,1701081633948,12,872.298/2023,1705922863261,,
1270,1701081633948,12,872.297/2023,1706907860614,,
1271,1701081633948,12,872.296/2023,1705924568541,,
1272,1701081646542,12,872.345/2023,1705922799744,,
1273,1701081646542,12,872.328/2023,1705922668845,,
1274,1701081646542,12,872.327/2023,1705922831458,,
1275,1701081646542,12,872.326/2023,1705922835643,,
1276,1701081646542,12,872.325/2023,1706907860302,,
1277,1701081646542,12,872.324/2023,1705924388654,,
1278,1701081646542,12,872.323/2023,1705922706658,,
1279,1701081646542,12,872.322/2023,1705922994642,,
1280,1701081646542,12,872.321/2023,1705923883549,,
1281,1701081646542,12,872.320/2023,1705922683246,,
1282,1701081646542,12,872.319/2023,1705922745067,,
1283,1701081646542,12,872.318/2023,1705924269757,,
1284,1701081646542,12,872.317/2023,1706907860168,,
1285,1701081646542,12,872.316/2023,1705924279642,,
1286,1701081646542,12,872.315/2023,1705923968041,,
1287,1701081659814,12,872.366/2023,1705923956946,,
1288,1701081659814,12,872.365/2023,1705923464052,,
1289,1701081659814,12,872.364/2023,1705923957351,,
1290,1701081659814,12,872.363/2023,1705924444542,,
1291,1701081659814,12,872.362/2023,1705922841153,,
1292,1701081659814,12,872.361/2023,1705922699551,,
1293,1701081659814,12,872.359/2023,1705923424246,,
1294,1701081659814,12,872.358/2023,1705924177541,,
1295,1701081659814,12,872.357/2023,1705922605456,,
1296,1701081659814,12,872.354/2023,1705922527868,,
1297,1701081659814,12,872.353/2023,1705922849241,,
1298,1701081659814,12,872.352/2023,1709237624622,,
1299,1701081659814,12,872.349/2023,1707391012802,,
1300,1701081659814,12,872.348/2023,1707391011895,,
1301,1701081659814,12,872.347/2023,1705922552241,,
1302,1701081672606,12,872.383/2023,1706907859996,,
1303,1701081672606,12,872.380/2023,1705923400846,,
1304,1701081672606,12,872.376/2023,1705923509056,,
1305,1701081672606,12,872.374/2023,1706907859858,,
1306,1701081672606,12,872.371/2023,1705922837947,,
1307,1701081672606,12,872.370/2023,1705924391557,,
1308,1701081672606,12,872.369/2023,1705924581241,,
1309,1701081672606,12,872.368/2023,1705923469455,,
1310,1701081672606,12,872.367/2023,1706907859704,,
1311,1701346998677,12,833.341/2023,1712049583651,,
1312,1701346998677,12,833.340/2023,1710880665176,,
1313,1701348404187,12,833.355/2023,1706907859568,,
1314,1701348404187,12,833.354/2023,1711186022550,,
1315,1701348404187,12,833.353/2023,1711186021469,,
1316,1701348404187,12,833.352/2023,1710859198676,,
1317,1701348404187,12,833.351/2023,1710927298668,,
1318,1701698617883,12,833.362/2023,1706907859433,,
1319,1701698632969,12,833.363/2023,1711186020443,,
1320,1701698632969,12,833.364/2023,1706907859290,,
1321,1701698632969,12,833.366/2023,1710859198531,,
1322,1701698632969,12,833.365/2023,1716989603918,,
1323,1701698632969,12,833.369/2023,1710927295265,,
1324,1701698632969,12,833.368/2023,1710927293264,,
1325,1701698632969,12,833.370/2023,1711186019544,,
1326,1701698632969,12,833.371/2023,1706907859156,,
1327,1701698632969,12,833.372/2023,1711186018743,,
1328,1701698632969,12,833.373/2023,1710927290364,,
1329,1701698632969,12,833.374/2023,1710859198399,,
1330,1701698632969,12,833.375/2023,1710927288666,,
1331,1701698632969,12,833.376/2023,1706907859006,,
1332,1701698632969,12,833.377/2023,1706907858879,,
1333,1701698632969,12,833.378/2023,1710927286483,,
1334,1701698650705,12,833.379/2023,1710927284267,,
1335,1701698650705,12,833.380/2023,1711186017858,,
1336,1701698650705,12,833.383/2023,1710927282177,,
1337,1701698650705,12,833.381/2023,1712049707743,,
1338,1701698650705,12,833.384/2023,1706907858747,,
1339,1701698650705,12,833.385/2023,1710927279468,,
1340,1701698650705,12,833.386/2023,1711186017147,,
1341,1701698650705,12,833.388/2023,1710927277471,,
1342,1701698650705,12,833.389/2023,1710927275063,,
1343,1701698650705,12,833.391/2023,1706907858515,,
1344,1701698650705,12,833.392/2023,1710927273464,,
1345,1701698650705,12,833.393/2023,1711186016259,,
1346,1701698650705,12,833.394/2023,1705924256751,,
1347,1701698650705,12,833.396/2023,1715592296789,,
1348,1701698650705,12,833.397/2023,1715592295999,,
1349,1701698664971,12,833.413/2023,1711186015262,,
1350,1701698664971,12,833.411/2023,1706907858364,,
1351,1701698664971,12,833.409/2023,1712049706760,,
1352,1701698664971,12,833.407/2023,1711186014647,,
1353,1701698664971,12,833.406/2023,1708358962026,,
1354,1701698664971,12,833.405/2023,1710927271366,,
1355,1701698664971,12,833.404/2023,1711186013943,,
1356,1701698664971,12,833.403/2023,1711186013144,,
1357,1701698664971,12,833.402/2023,1710927267965,,
1358,1701698664971,12,833.401/2023,1710927264763,,
1359,1701698664971,12,833.400/2023,1708358961129,,
1360,1701698664971,12,833.399/2023,1710927262267,,
1361,1701698664971,12,833.398/2023,1710927259874,,
1368,1702676745736,12,833.419/2023,1710880664777,,
1369,1702676745736,12,833.420/2023,1710927257673,,
1370,1702676761152,12,833.422/2023,1710927252965,,
1371,1702676761152,12,833.517/2023,1706907858229,,
1372,1702676761152,12,833.518/2023,1710927249973,,
1373,1702676761152,12,833.519/2023,1710927249078,,
1374,1702676761152,12,833.520/2023,1710927248180,,
1375,1702676761152,12,833.521/2023,1710859198266,,
1376,1702676761152,12,833.522/2023,1710859198129,,
1377,1702676761152,12,833.523/2023,1710859197982,,
1378,1702676761152,12,833.524/2023,1710859197850,,
1379,1702676761152,12,833.525/2023,1710859197725,,
1380,1702676761152,12,833.526/2023,1706907858093,,
1381,1702676761152,12,833.527/2023,1710859197584,,
1382,1702676761152,12,833.528/2023,1710859197449,,
1383,1702676761152,12,833.529/2023,1710927247364,,
1384,1702676761152,12,833.530/2023,1710927246277,,
1385,1702676770415,12,833.537/2023,1710927245368,,
1386,1702676770415,12,833.534/2023,1710927244469,,
1387,1702676770415,12,833.536/2023,1710927243573,,
1388,1702676770415,12,833.535/2023,1710927242381,,
1389,1702676770415,12,833.533/2023,1710927241475,,
1390,1702676770415,12,833.532/2023,1710927240564,,
1391,1702676770415,12,833.531/2023,1710927239582,,
1392,1702896361938,12,833.556/2023,1711186012144,,
1393,1702896361938,12,833.557/2023,1711186011056,,
1394,1702896361938,12,833.558/2023,1711186010360,,
1395,1702896361938,12,833.559/2023,1711186009643,,
1396,1702896361938,12,833.560/2023,1711470823948,,
1397,1702896361938,12,833.561/2023,1711186008546,,
1398,1702896361938,12,833.562/2023,1711186007845,,
1399,1702896361938,12,833.563/2023,1711186007059,,
1400,1702896369053,12,833.564/2023,1711186006148,,
1401,1702896369053,12,833.566/2023,1711186005145,,
1402,1702896369053,12,833.567/2023,1711186004157,,
1403,1702896369053,12,833.568/2023,1712049705647,,
1404,1702896431462,12,833.572/2023,1712049704744,,
1405,1702896431462,12,833.569/2023,1706907857964,,
1406,1702896431462,12,833.497/2023,1710927238465,,
1407,1702896431462,12,833.496/2023,1710927234869,,
1408,1702896431462,12,833.495/2023,1710927233470,,
1409,1702896431462,12,833.494/2023,1710927232768,,
1410,1702896431462,12,833.493/2023,1710927231664,,
1411,1702896431462,12,833.492/2023,1710927230764,,
1412,1702896431462,12,833.491/2023,1710927229869,,
1413,1702896431462,12,833.490/2023,1710927229063,,
1414,1702896431462,12,833.489/2023,1710927228278,,
1415,1702896431462,12,833.488/2023,1710927227371,,
1416,1702896431462,12,833.487/2023,1710927226484,,
1417,1702896431462,12,833.485/2023,1710859197323,,
1418,1704388554905,12,840.092/2010,1726576373236,,
1424,1706735852713,12,830.140/2024,1710859197184,,
1425,1706735852713,12,830.141/2024,1710859197054,,
1426,1706735852713,12,830.142/2024,1710859196930,,
1427,1707747043588,12,850.150/2024,1710859196771,,
1428,1707747043588,12,850.154/2024,,,
1429,1707747043588,12,850.152/2024,,,
1430,1707747043588,12,850.151/2024,1710927225571,,
1431,1707747043588,12,850.153/2024,,,
1432,1708002351658,12,848.075/2024,1714832595633,,
1433,1708452618795,12,872.137/1996,1708460342042,,
1434,1708452727653,12,870.456/2001,1720887836055,,
1435,1708452777555,12,807.144/1977,1719252295615,,
1436,1708452874066,12,840.088/1994,1708459784330,,
1437,1708452901057,12,840.002/1999,1708459581522,,
1438,1708452920586,12,860.831/2001,1708459475429,,
1439,1708452941450,12,810.646/2003,1708459356321,,
1440,1708452959194,12,806.014/2001,1708459300520,,
1441,1708453245158,12,850.022/2004,1727355594327,,
1442,1708720963965,12,890.015/2024,1712222444558,,
1443,1708950009351,12,867.112/2017,1708950026525,,
1444,1709124754853,12,846.060/2024,1712136044464,,
1445,1709248497828,12,830.396/2024,1719416034417,,
1446,1709248497828,12,830.382/2024,1716989600118,,
1447,1709248497828,12,870.268/2024,1710927224582,,
1448,1709248497828,12,830.397/2024,1715592295198,,
1449,1709248497828,12,830.379/2024,1715592293387,,
1450,1709248497828,12,830.385/2024,1716989597612,,
1451,1709248497828,12,830.386/2024,1716989594715,,
1452,1709248497828,12,830.391/2024,1716989590411,,
1453,1709248497828,12,830.388/2024,1716989586611,,
1454,1709248497828,12,830.381/2024,1716989584012,,
1455,1709248497828,12,830.389/2024,1717781359928,,
1456,1709248497828,12,830.393/2024,1717781356630,,
1457,1709248497828,12,830.387/2024,1719416033417,,
1458,1709248497828,12,830.392/2024,1716989581811,,
1459,1709248505845,12,830.394/2024,1719416032327,,
1460,1709248505845,12,830.395/2024,1716989578318,,
1461,1709564583893,12,848.091/2024,1720539251756,,
1462,1709564583893,12,846.064/2024,1714832592739,,
1463,1709564583893,12,846.063/2024,1713086445964,,
1464,1709564583893,12,846.062/2024,1713086445062,,
1465,1709750968219,12,834.690/2010,1716910441212,,
1466,1709751114694,12,832.957/2003,1716910439514,,
1467,1711283450407,12,840.893/2011,1723816840234,,
1468,1711400892971,12,850.232/2024,,,
1469,1711400892971,12,850.233/2024,,,
1470,1711400892971,12,850.234/2024,,,
1471,1711400892971,12,850.235/2024,,,
1472,1711400892971,12,850.236/2024,,,
1473,1711974142953,12,870.459/2024,1714036965635,,
1474,1711974142953,12,870.611/2024,1719416031419,,
1475,1711974142953,12,870.612/2024,1719416030516,,
1476,1712084829120,12,870.554/2024,,,
1477,1712084829120,12,870.556/2024,,,
1478,1712084829120,12,870.557/2024,,,
1479,1712084829120,12,870.559/2024,,,
1480,1712084829120,12,870.560/2024,,,
1481,1712084829120,12,870.563/2024,,,
1482,1712084829120,12,870.564/2024,,,
1483,1712084829120,12,870.566/2024,,,
1484,1712084829120,12,870.568/2024,,,
1485,1712084829120,12,870.569/2024,,,
1486,1712084829120,12,870.570/2024,,,
1487,1712084829120,12,870.571/2024,,,
1488,1712084829120,12,870.572/2024,,,
1489,1712084829120,12,870.573/2024,,,
1490,1712084829120,12,870.574/2024,,,
1491,1712084841760,12,870.575/2024,,,
1492,1712084841760,12,870.576/2024,,,
1493,1712084841760,12,870.577/2024,,,
1494,1712084841760,12,870.578/2024,,,
1495,1712084841760,12,870.579/2024,,,
1496,1712084841760,12,870.580/2024,,,
1497,1712084841760,12,870.581/2024,,,
1498,1712084841760,12,870.582/2024,,,
1499,1712084841760,12,870.583/2024,,,
1500,1712084841760,12,870.584/2024,,,
1501,1712084841760,12,870.586/2024,,,
1502,1712084841760,12,870.585/2024,,,
1503,1713182917100,12,830.796/2024,1716989575011,,
1504,1713182917100,12,830.797/2024,1716989570310,,
1505,1716906882322,12,830.907/2024,1719416029629,,
1506,1716906882322,12,830.909/2024,1720837220555,,
1507,1716906882322,12,830.913/2024,1719416029014,,
1508,1716906904222,12,830.915/2024,1720837215556,,
1509,1716906904222,12,830.914/2024,1720837210850,,
1510,1716906904222,12,830.905/2024,1719416027421,,
1511,1716906904222,12,830.911/2024,1720837208449,,
1512,1716907046523,12,831.005/2024,1719416026726,,
1513,1716907046523,12,831.006/2024,1720539247361,,
1514,1716907217715,12,870.787/2024,1719416025927,,
1515,1716907217715,12,870.786/2024,1719416025213,,
1516,1716907436327,12,830.902/2024,1719416024321,,
1517,1717165142046,12,831.710/2022,1717165191228,,
1518,1717165142046,12,831.711/2022,1717165190330,,
1519,1717165142046,12,831.712/2022,1717165189622,,
1520,1717165142046,12,831.713/2022,1717165188915,,
1521,1717165142046,12,831.714/2022,1717165188026,,
1522,1717175600889,12,830.002/2004,1717175649420,,
1523,1717415011212,12,860.604/2024,1726782127724,,
1524,1717415011212,12,860.603/2024,1720539244160,,
1525,1718047284420,12,866.513/2013,1723816839335,,
1526,1718047284420,12,866.294/2013,1718047310261,,
1527,1718047284420,12,866.105/2013,1718047308070,,
1528,1718047308028,12,866.934/2012,1718047387270,,
1529,1718047324509,12,866.247/2011,1718047385659,,
1530,1718047358510,12,866.085/2009,1718047381769,,
1531,1718047423095,12,866.778/2006,1723816837429,,
1532,1718047439199,12,866.633/2006,1726576366945,,
1533,1718047458155,12,866.632/2006,1718047556873,,
1534,1718047458155,12,866.578/2006,1718047555461,,
1535,1718047495703,12,867.246/2005,1718047570274,,
1536,1718047657755,12,866.086/2009,1719957529062,,
1537,1718047657755,12,866.084/2009,1723816829921,,
1538,1718047657755,12,866.082/2009,1723816819724,,
1539,1718047657755,12,866.081/2009,1723816802352,,
1540,1718047657755,12,866.080/2009,1718047729760,,
1541,1718047657755,12,866.079/2009,1723816790820,,
2908,1720468240298,12,832.418/2023,1720468248761,,
2909,1720468363607,12,832.419/2023,1720468366664,,
2910,1720468377345,12,832.420/2023,1720468433761,,
2911,1720468393478,12,832.421/2023,1720468432256,,
2912,1720468406708,12,832.422/2023,1720468431157,,
2913,1720468423455,12,832.423/2023,1720468428861,,
2914,1720470234139,12,832.225/2023,,,
2915,1720470260267,12,832.433/2023,1720470289064,,
2916,1720470278405,12,832.434/2023,1720470288262,,
2917,1720470301908,12,832.435/2023,1720470353057,,
2918,1720470334732,12,832.436/2023,1720470351263,,
2919,1720470372942,12,832.796/2023,1720470414469,,
2952,1720470393078,12,832.797/2023,1720470413664,,
2953,1720470530202,12,832.798/2023,1720470585672,,
2957,1721939087591,12,831.381/2020,1721939249697,,
2958,1721939103537,12,831.369/2020,1721939248004,,
2959,1721939120734,12,830.699/2021,1721939246282,,
2960,1721939133694,12,830.737/2021,1721939244297,,
2961,1721939155531,12,831.598/2020,1721939242681,,
2990,1721939189096,12,830.691/2021,1721939241586,,
2992,1721939405633,12,831.388/2020,1721939451487,,
2993,1721939845607,12,830.652/2020,1721939874293,,
2994,1721939861464,12,832.177/2023,1721939873308,,
2995,1721939874077,12,832.179/2023,1721939927086,,
2996,1721939886420,12,832.175/2023,1721939924484,,
2997,1721939900599,12,832.174/2023,1721939923483,,
2998,1721940033216,12,832.387/2023,1721940052300,,
2999,1721940044665,12,832.388/2023,1721940051421,,
3000,1721940055540,12,832.389/2023,1721940127917,,
3001,1721940066828,12,832.390/2023,1721940126292,,
3002,1721940077907,12,832.391/2023,1721940124198,,
3003,1721940089644,12,832.392/2023,1721940123202,,
3004,1721940101189,12,832.393/2023,1721940121396,,
3005,1721940111957,12,832.394/2023,1721940119118,,
3006,1721940123469,12,832.395/2023,1721940177299,,
3007,1721940135041,12,832.396/2023,1721940176484,,
3008,1721940145681,12,832.397/2023,1721940172082,,
3009,1721940155761,12,832.398/2023,1721940170698,,
3010,1721940394709,12,832.608/2023,1721940479001,,
3011,1721940405147,12,832.609/2023,1721940477935,,
3043,1721940442835,12,832.610/2023,1721940477025,,
3044,1721940454919,12,832.611/2023,1721940476086,,
3045,1721940463832,12,832.612/2023,1721940474881,,
3046,1721940473180,12,832.613/2023,1721940548687,,
3047,1721940484059,12,832.614/2023,1721940547703,,
3048,1721940494771,12,832.615/2023,1721940546699,,
3049,1721940505445,12,832.616/2023,1721940545796,,
3050,1721940516120,12,832.617/2023,1721940544086,,
3051,1721940527202,12,832.618/2023,1721940543183,,
3052,1721940537463,12,832.619/2023,1721940540584,,
3053,1721940549589,12,832.642/2023,1721940596203,,
3076,1721940780549,12,832.556/2023,1721940848481,,
3077,1721940790263,12,832.557/2023,1721940843982,,
3078,1721940800458,12,832.558/2023,1721940841283,,
3079,1721940810316,12,832.559/2023,1721940839302,,
3080,1721940821540,12,832.560/2023,1721940838385,,
3081,1721940830554,12,832.561/2023,1721940891927,,
3082,1721940839289,12,832.562/2023,1721940906148,,
3083,1721940849020,12,832.563/2023,1721940903881,,
3084,1721940860572,12,832.564/2023,1721940900483,,
3085,1721940870962,12,832.565/2023,1721940897993,,
3086,1721940883949,12,832.566/2023,1721940896993,,
3087,1721941205365,12,832.946/2023,1721941283824,,
3088,1721941218407,12,832.947/2023,1721941282219,,
3120,1721941278318,12,820.453/2023,1721941309883,,
3121,1721941287041,12,820.454/2023,1721941307193,,
3124,1721942828736,12,830.698/2021,1721942868707,,
3125,1721990035373,12,864.207/2018,1721990091214,,
3126,1721990058517,12,864.152/2018,1721990100599,,
3127,1721990074052,12,864.151/2018,1721990098998,,
3128,1721990086533,12,864.150/2018,1721990097137,,
3129,1721990099312,12,864.149/2018,1721990159823,,
3130,1721990114712,12,864.206/2018,1721990157943,,
3131,1721990127963,12,864.205/2018,1721990155739,,
3132,1721990141388,12,864.204/2018,1721990151721,,
3133,1721990156995,12,864.203/2018,1721990213608,,
3134,1721990172235,12,864.202/2018,1721990210799,,
3135,1721990186464,12,864.153/2018,1721990208399,,
3136,1721990211917,12,860.125/2020,1721990281198,,
3137,1721990238707,12,860.124/2020,1721990279417,,
3138,1721990253878,12,860.123/2020,1721990274817,,
3139,1721990272131,12,864.076/2020,1721990330304,,
3140,1721990303751,12,860.527/2020,1721990396906,,
3141,1721990326392,12,864.179/2020,1721990395105,,
3168,1721990344332,12,864.180/2020,1721990393099,,
3169,1721990363617,12,864.181/2020,1721990388224,,
3170,1721990376655,12,864.182/2020,1721990387732,,
3171,1721990423339,12,860.603/2020,1721990446911,,
3172,1721990445045,12,864.183/2020,1721990513200,,
3173,1721990462868,12,811.686/1975,1721990512524,,
3174,1721990482359,12,811.689/1975,1721990508921,,
3175,1721990503884,12,811.702/1975,1721990587822,,
3176,1721990523017,12,800.744/1978,1721990582823,,
3177,1721990541995,12,860.310/1984,1721990572036,,
3178,1721990578160,12,860.317/1984,1721990639019,,
3179,1721990594131,12,860.753/2021,1721990643127,,
3180,1721990611654,12,860.752/2021,1721990641813,,
3181,1721990629226,12,864.072/2022,1721990701927,,
3182,1721990645734,12,864.109/2022,1721990717211,,
3183,1721990660016,12,860.380/2022,1721990714006,,
3184,1721990672863,12,860.382/2022,1721990712417,,
3185,1721990687323,12,860.384/2022,1721990710003,,
3186,1721990703936,12,860.385/2022,1721990707299,,
3187,1721990717222,12,860.386/2022,1721990751312,,
3188,1721990731425,12,860.387/2022,1721990750299,,
3189,1721990797762,12,860.390/2022,1721990878921,,
3190,1721990810321,12,860.391/2022,1721990877219,,
3215,1721990876307,12,860.392/2022,1721990932807,,
3216,1721990888114,12,860.393/2022,1721990931800,,
3217,1721990898521,12,864.120/2022,1721990929719,,
3218,1721990911220,12,864.121/2022,1721990929314,,
3219,1721990924932,12,864.255/2022,,,
3220,1721990953874,12,864.256/2022,,,
3221,1721990963640,12,861.021/2022,1721990995399,,
3222,1721990975822,12,861.023/2022,1721990994416,,
3223,1721990987886,12,864.029/2023,1721990993218,,
3224,1721991000373,12,860.086/2023,1721991131210,,
3225,1721991012108,12,860.087/2023,1721991129920,,
3226,1721991024390,12,860.088/2023,1721991128617,,
3227,1721991037317,12,860.908/2018,1721991127418,,
3228,1721991051828,12,860.909/2018,1721991125722,,
3248,1721991101621,12,860.910/2018,1721991123204,,
3249,1721991113396,12,860.332/2020,1721991121220,,
3250,1721991122870,12,860.378/2020,1721991196926,,
3251,1721991135652,12,864.251/2004,1721991192698,,
3252,1721991150236,12,864.170/2007,1721991189624,,
3253,1721991164618,12,864.056/2010,1721991227318,,
3254,1721991176816,12,864.381/2011,1721991186330,,
3255,1721991188618,12,864.059/2012,1721991232220,,
3256,1721991226131,12,860.066/2009,1721991230508,,
3257,1721992641082,12,860.067/2009,1721992676133,,
3258,1721992653432,12,861.107/2023,1721992675198,,
3259,1721992666328,12,861.108/2023,1721992673798,,
3260,1721992680689,12,861.109/2023,1730893217025,,
3290,1721992715293,12,861.110/2023,,,
3291,1721992728032,12,861.173/2023,1721992792714,,
3292,1721992738376,12,861.174/2023,1721992792323,,
3293,1721992763560,12,861.175/2023,1721992791211,,
3294,1721992774845,12,861.177/2023,,,
3295,1721992786958,12,861.178/2023,1721992798899,,
3296,1721992799817,12,861.181/2023,1721992850525,,
3297,1721992811758,12,861.182/2023,1721992849520,,
3298,1721992825846,12,861.184/2023,1721992848201,,
3299,1721992839364,12,861.185/2023,1721992845905,,
3308,1723044441923,12,870.851/2024,,,
3309,1723044441923,12,870.852/2024,,,
3310,1723234603792,12,870.993/2024,1726782127571,,
3311,1723234603792,12,870.995/2024,1726782127384,,
3312,1723234603792,12,870.997/2024,1726782127227,,
3313,1723234603792,12,870.998/2024,1726782126917,,
3314,1723234603792,12,871.000/2024,1726782126782,,
3315,1723234603792,12,871.001/2024,1726782126623,,
3316,1723234603792,12,871.002/2024,1726782126461,,
3317,1723234603792,12,871.003/2024,1726782126301,,
3318,1723234603792,12,871.004/2024,1726782126171,,
3319,1723234603792,12,871.005/2024,1726782125927,,
3320,1723234603792,12,871.006/2024,1726782125803,,
3321,1723234603792,12,871.008/2024,1726782125682,,
3322,1723234603792,12,871.007/2024,1726782125532,,
3323,1723505378753,12,848.218/2021,1732013161973,,
3324,1723505400191,12,846.244/2021,1723505446747,,
3325,1723505416392,12,848.219/2021,1725555950296,,
3326,1723644684661,12,820.116/2019,1723644714516,,
3327,1723819879930,12,848.283/1999,1723819929223,,
3328,1723819895496,12,300.580/2019,,,
3329,1723819914052,12,846.235/2014,1723819967416,,
3330,1725449007584,12,831.407/2024,1726742812979,,
3331,1725449023511,12,831.412/2024,1726742811780,,
3332,1725449035744,12,831.411/2024,,,
3333,1725449055609,12,831.410/2024,1726742810570,,
3334,1725449070013,12,831.408/2024,1726742807971,,
3335,1725465741105,12,890.143/2018,1725465766582,,
3336,1725465741105,12,890.142/2018,1725465766084,,
3337,1727090378814,12,848.158/2010,1727355593922,,
3338,1727091061861,12,848.472/2010,,,
3339,1727091096548,12,848.473/2010,,,
3340,1727091117630,12,848.471/2010,,,
3341,1727091155820,12,848.058/2011,,,
3342,1727091233776,12,848.330/2023,,,
3343,1727091244130,12,848.329/2023,,,
3344,1727091253410,12,848.331/2023,,,
3345,1727091268109,12,848.334/2023,,,
3346,1727091291733,12,848.223/2013,1727355593801,,
3347,1727354067799,12,831.892/2024,,,
3348,1727441108559,12,864.239/2024,1730717623094,,
3349,1727725421284,12,846.262/2023,,,
3350,1727725454260,12,846.264/2023,,,
3351,1727725467849,12,846.254/2023,1729773401994,,
3352,1727725481276,12,300.310/2022,,,
3353,1727725530524,12,302.689/2015,,,
3354,1727725543869,12,846.127/2009,1727725620447,,
3355,1727725563100,12,848.004/2007,1727725621442,,
3356,1727964944192,12,831.917/2024,,,
3357,1727965247115,12,810.786/2024,,,
3358,1730212650751,12,300.579/2019,,,
3359,1730212819927,12,846.183/2013,1730212842181,,
3360,1731673948526,12,810.978/2024,,,
3361,1731673981976,12,810.977/2024,,,
3362,1732289805787,12,826.388/2010,1732289863163,,
3363,1732293549745,12,826.369/2006,1732293584165,,
